path	contrast	brightness	gamma	black	white	red	green	blue
xv/19738.xmv	20	0	103	0	255	100	100	100
xv/19740.xmv	20	0	103	0	255	100	100	100
xv/19744.xmv	20	0	103	0	255	100	100	100
xv/19768.xmv	20	0	103	0	255	100	100	100
xv/19770.xmv	20	0	103	0	255	100	100	100
xv/19774.xmv	20	0	103	0	255	100	100	100
xv/19782.xmv	20	0	103	0	255	100	100	100
xv/19784.xmv	20	0	103	0	255	100	100	100
xv/19786.xmv	20	0	103	0	255	100	100	100
xv/19790.xmv	20	0	103	0	255	100	100	100
xv/19792.xmv	20	0	103	0	255	100	100	100
xv/19794.xmv	20	0	103	0	255	100	100	100
xv/19808.xmv	20	0	103	0	255	100	100	100
xv/19814.xmv	20	0	103	0	255	100	100	100
xv/19818.xmv	20	0	103	0	255	100	100	100
xv/20083.xmv	20	0	103	0	255	100	100	100
xv/20085.xmv	20	0	103	0	255	100	100	100
xv/20087.xmv	20	0	103	0	255	100	100	100
xv/20089.xmv	20	0	103	0	255	100	100	100
xv/20091.xmv	20	0	103	0	255	100	100	100
xv/20093.xmv	20	0	103	0	255	100	100	100
xv/20095.xmv	20	0	103	0	255	100	100	100
xv/20097.xmv	20	0	103	0	255	100	100	100
xv/20099.xmv	20	0	103	0	255	100	100	100
xv/20101.xmv	20	0	103	0	255	100	100	100
xv/20105.xmv	20	0	103	0	255	100	100	100
xv/20107.xmv	20	0	103	0	255	100	100	100
xv/20125.xmv	20	0	103	0	255	100	100	100
xv/20127.xmv	20	0	103	0	255	100	100	100
xv/20129.xmv	20	0	103	0	255	100	100	100
xv/20131.xmv	20	0	103	0	255	100	100	100
xv/20133.xmv	20	0	103	0	255	100	100	100
xv/20135.xmv	20	0	103	0	255	100	100	100
xv/20137.xmv	20	0	103	0	255	100	100	100
xv/20139.xmv	20	0	103	0	255	100	100	100
xv/20141.xmv	20	0	103	0	255	100	100	100
xv/20143.xmv	20	0	103	0	255	100	100	100
xv/20145.xmv	20	0	103	0	255	100	100	100
xv/20147.xmv	20	0	103	0	255	100	100	100
xv/20149.xmv	20	0	103	0	255	100	100	100
xv/20153.xmv	20	0	103	0	255	100	100	100
xv/20155.xmv	20	0	103	0	255	100	100	100
xv/20157.xmv	20	0	103	0	255	100	100	100
xv/20159.xmv	20	0	103	0	255	100	100	100
xv/20161.xmv	20	0	103	0	255	100	100	100
xv/20163.xmv	20	0	103	0	255	100	100	100
xv/20165.xmv	20	0	103	0	255	100	100	100
xv/20167.xmv	20	0	103	0	255	100	100	100
xv/20169.xmv	20	0	103	0	255	100	100	100
xv/20171.xmv	20	0	103	0	255	100	100	100
xv/20173.xmv	20	0	103	0	255	100	100	100
xv/20175.xmv	20	0	103	0	255	100	100	100
xv/20177.xmv	20	0	103	0	255	100	100	100
xv/20179.xmv	20	0	103	0	255	100	100	100
xv/20181.xmv	20	0	103	0	255	100	100	100
xv/20183.xmv	20	0	103	0	255	100	100	100
xv/20185.xmv	20	0	103	0	255	100	100	100
xv/20549.xmv	20	0	103	0	255	100	100	100
xv/20551.xmv	20	0	103	0	255	100	100	100
xv/20553.xmv	20	0	103	0	255	100	100	100
xv/20555.xmv	20	0	103	0	255	100	100	100
xv/20557.xmv	20	0	103	0	255	100	100	100
xv/20559.xmv	20	0	103	0	255	100	100	100
xv/20561.xmv	20	0	103	0	255	100	100	100
xv/20563.xmv	20	0	103	0	255	100	100	100
xv/20565.xmv	20	0	103	0	255	100	100	100
xv/20567.xmv	20	0	103	0	255	100	100	100
xv/20569.xmv	20	0	103	0	255	100	100	100
xv/20571.xmv	20	0	103	0	255	100	100	100
xv/20573.xmv	20	0	103	0	255	100	100	100
xv/20575.xmv	20	0	103	0	255	100	100	100
xv/21124.xmv	20	0	103	0	255	100	100	100
xv/21128.xmv	20	0	103	0	255	100	100	100
xv/21130.xmv	20	0	103	0	255	100	100	100
xv/21132.xmv	20	0	103	0	255	100	100	100
xv/21134.xmv	20	0	103	0	255	100	100	100
xv/21136.xmv	20	0	103	0	255	100	100	100
xv/21138.xmv	20	0	103	0	255	100	100	100
xv/21140.xmv	20	0	103	0	255	100	100	100
xv/21142.xmv	20	0	103	0	255	100	100	100
xv/21146.xmv	20	0	103	0	255	100	100	100
xv/21148.xmv	20	0	103	0	255	100	100	100
xv/21332.xmv	20	0	103	0	255	100	100	100
xv/21334.xmv	20	0	103	0	255	100	100	100
xv/21336.xmv	20	0	103	0	255	100	100	100
xv/21338.xmv	20	0	103	0	255	100	100	100
xv/21340.xmv	20	0	103	0	255	100	100	100
xv/21342.xmv	20	0	103	0	255	100	100	100
xv/21344.xmv	20	0	103	0	255	100	100	100
xv/21346.xmv	20	0	103	0	255	100	100	100
xv/21348.xmv	20	0	103	0	255	100	100	100
xv/21352.xmv	20	0	103	0	255	100	100	100
xv/21354.xmv	20	0	103	0	255	100	100	100
xv/21356.xmv	20	0	103	0	255	100	100	100
xv/21358.xmv	20	0	103	0	255	100	100	100
xv/21360.xmv	20	0	103	0	255	100	100	100
xv/21362.xmv	20	0	103	0	255	100	100	100
xv/21364.xmv	20	0	103	0	255	100	100	100
xv/21366.xmv	20	0	103	0	255	100	100	100
xv/21368.xmv	20	0	103	0	255	100	100	100
xv/21370.xmv	20	0	103	0	255	100	100	100
xv/21372.xmv	20	0	103	0	255	100	100	100
xv/21374.xmv	20	0	103	0	255	100	100	100
xv/21376.xmv	20	0	103	0	255	100	100	100
xv/21378.xmv	20	0	103	0	255	100	100	100
xv/21380.xmv	20	0	103	0	255	100	100	100
xv/21442.xmv	20	0	103	0	255	100	100	100
xv/21444.xmv	20	0	103	0	255	100	100	100
xv/21446.xmv	20	0	103	0	255	100	100	100
xv/21450.xmv	20	0	103	0	255	100	100	100
xv/21452.xmv	20	0	103	0	255	100	100	100
xv/21454.xmv	20	0	103	0	255	100	100	100
xv/21456.xmv	20	0	103	0	255	100	100	100
xv/21458.xmv	20	0	103	0	255	100	100	100
xv/21460.xmv	20	0	103	0	255	100	100	100
xv/21462.xmv	20	0	103	0	255	100	100	100
xv/21464.xmv	20	0	103	0	255	100	100	100
xv/21466.xmv	20	0	103	0	255	100	100	100
xv/21468.xmv	20	0	103	0	255	100	100	100
xv/21470.xmv	20	0	103	0	255	100	100	100
xv/21472.xmv	20	0	103	0	255	100	100	100
xv/21474.xmv	20	0	103	0	255	100	100	100
xv/21476.xmv	20	0	103	0	255	100	100	100
xv/21656.xmv	25	0	103	0	255	100	100	100
xv/21658.xmv	25	0	103	0	255	100	100	100
xv/21662.xmv	25	0	103	0	255	100	100	100
xv/21664.xmv	25	0	103	0	255	100	100	100
xv/21666.xmv	25	0	103	0	255	100	100	100
xv/21668.xmv	25	0	103	0	255	100	100	100
xv/21672.xmv	25	0	103	0	255	100	100	100
xv/21680.xmv	20	0	103	0	255	100	100	100
xv/31042.xmv	20	0	103	0	255	100	100	100
xv/31280.xmv	20	0	103	0	255	100	100	100
xv/44099.xmv	20	0	103	0	255	100	100	100
xv/51222.xmv	20	0	103	0	255	100	100	100
xv/51224.xmv	20	0	103	0	255	100	100	100
xv/51226.xmv	20	0	103	0	255	100	100	100
xv/51295.xmv	20	0	103	0	255	100	100	100
xv/51301.xmv	20	0	103	0	255	100	100	100
xv/51304.xmv	20	0	103	0	255	100	100	100
xv/70387.xmv	20	0	103	0	255	100	100	100
xv/80829.xmv	20	0	103	0	255	100	100	100
xv/82220.xmv	20	0	103	0	255	100	100	100
xv/82222.xmv	20	0	103	0	255	100	100	100
xv/82367.xmv	20	0	103	0	255	100	100	100
xv/83290.xmv	20	0	103	0	255	100	100	100
xv/87579.xmv	20	0	103	0	255	100	100	100
xv/90740.xmv	20	0	103	0	255	100	100	100
xv/90830.xmv	25	0	103	0	255	100	100	100
xv/91379.xmv	20	0	103	0	255	100	100	100
