path	effect	start_ms	selector_ids	action_cases	source
xv/21230.xmv	ps1_short	0	221	6	ps1_pal
xv/21232.xmv	ps1_short	0	222	7	ps1_pal
xv/21234.xmv	ps1_short	0	223	8	ps1_pal
xv/21238.xmv	ps1_short	0	211	10	ps1_pal
xv/21662.xmv	ps1_short	0	102,104	2	ps1_pal
xv/21664.xmv	ps1_short	0	101,103	1	ps1_pal
xv/21716.xmv	ps1_short	0	112,114,122,132,142	5	ps1_pal
xv/21718.xmv	ps1_short	0	111,113,121,131,141	4	ps1_pal
xv/21782.xmv	ps1_long	0	441	18	ps1_pal
xv/21784.xmv	ps1_short	0	442	19	ps1_pal
xv/21808.xmv	ps1_short	0	421	13	ps1_pal
xv/21812.xmv	ps1_short	0	401	11	ps1_pal
xv/21818.xmv	ps1_short	0	411	12	ps1_pal
xv/28456.xmv	ps1_short	0	201	9	ps1_pal
xv/44483.xmv	ps1_short	0	431	14	ps1_pal
xv/49014.xmv	ps1_short	0	432	15	ps1_pal
xv/49022.xmv	ps1_short	0	434,462	23,24	ps1_pal
