selector_id	action_case	path	effect	active_type	special_state	origin	clip_fallback
100	27	-	ps1_short	7	any	gunfire_helper	0
101	1	xv/21664.xmv	ps1_short	7	any	direct	1
102	2	xv/21662.xmv	ps1_short	7	any	direct	1
103	1	xv/21664.xmv	ps1_short	7	any	direct	1
104	2	xv/21662.xmv	ps1_short	7	any	direct	1
111	4	xv/21718.xmv	ps1_short	7	any	direct	1
112	5	xv/21716.xmv	ps1_short	7	any	direct	1
113	4	xv/21718.xmv	ps1_short	7	any	direct	1
114	5	xv/21716.xmv	ps1_short	7	any	direct	1
121	4	xv/21718.xmv	ps1_short	7	any	direct	1
122	5	xv/21716.xmv	ps1_short	7	any	direct	1
131	4	xv/21718.xmv	ps1_short	7	any	direct	1
132	5	xv/21716.xmv	ps1_short	7	any	direct	1
141	4	xv/21718.xmv	ps1_short	7	any	direct	1
142	5	xv/21716.xmv	ps1_short	7	any	direct	1
201	9	xv/28456.xmv	ps1_short	7	any	direct	1
211	10	xv/21238.xmv	ps1_short	7	any	direct	1
221	6	xv/21230.xmv	ps1_short	7	any	direct	1
222	7	xv/21232.xmv	ps1_short	7	any	direct	1
223	8	xv/21234.xmv	ps1_short	7	any	direct	1
401	11	xv/21812.xmv	ps1_short	7	any	direct	1
411	12	xv/21818.xmv	ps1_short	7	any	direct	1
421	13	xv/21808.xmv	ps1_short	7	any	direct	1
431	14	xv/44483.xmv	ps1_short	7	any	direct	1
432	15	xv/49014.xmv	ps1_short	7	any	direct	1
433	16	-	ps1_short	7	not_23	gunfire_helper	0
433	17	xv/49013.xmv	none	any	23	none	0
434	23	xv/49022.xmv	ps1_short	7	any	direct	1
441	18	xv/21782.xmv	ps1_long	any	any	direct	1
442	19	xv/21784.xmv	ps1_short	7	any	direct	1
451	20	-	none	any	any	none	0
461	21	-	none	not_7	23	none	0
461	21	-	ps1_short	7	any	gunfire_helper	0
462	22	xv/23434.xmv	none	any	23	none	0
462	24	xv/49022.xmv	ps1_short	7	not_23	direct	1
463	25	xv/23430.xmv	none	any	any	none	0
470	26	-	none	not_7	23	none	0
470	26	-	ps1_short	7	any	gunfire_helper	0
500	27	-	ps1_short	7	any	gunfire_helper	0
600	28	xv/19656.xmv	ps1_short	7	any	gunfire_helper	0
666	3	-	ps1_short	7	any	gunfire_helper	0
